Product_id_1,Product_id_2,Relationship_type,Co_purchase_count,Confidence,Category_cross_sell,Complementary_score,Computed_date
P000902,P001794,co_purchase,2,0.06666666666666667,True,0.94,1779120724327
P001794,P000902,co_purchase,2,0.07407407407407407,True,0.95,1779120724327
P000649,P000803,co_purchase,2,0.07692307692307691,True,1.27,1779120724327
P000803,P000649,co_purchase,2,0.08695652173913043,True,1.28,1779120724327
P001344,P001030,co_purchase,3,0.12,True,2.38,1779120724327
P001030,P001344,co_purchase,3,0.15789473684210528,True,2.4,1779120724327
P001030,P000225,co_purchase,2,0.10526315789473684,True,1.98,1779120724327
P000225,P001030,co_purchase,2,0.09999999999999999,True,1.98,1779120724327
P000054,P000133,co_purchase,2,0.1111111111111111,True,1.63,1779120724327
P000133,P000054,co_purchase,2,0.07692307692307691,True,1.61,1779120724327
P000545,P000792,co_purchase,2,0.0909090909090909,False,2.26,1779120724327
P000792,P000545,co_purchase,2,0.13333333333333333,False,2.29,1779120724327
P000332,P000792,co_purchase,2,0.09523809523809523,True,2.37,1779120724327
P000792,P000332,co_purchase,2,0.13333333333333333,True,2.4,1779120724327
P001724,P001650,co_purchase,2,0.14285714285714285,True,3.56,1779120724327
P001650,P001724,co_purchase,2,0.13333333333333333,True,3.55,1779120724327
P000083,P000941,co_purchase,2,0.10526315789473684,True,1.74,1779120724327
P000941,P000083,co_purchase,2,0.08695652173913043,True,1.72,1779120724327
P000234,P000395,co_purchase,2,0.14285714285714285,True,2.1,1779120724327
P000395,P000234,co_purchase,2,0.07692307692307691,True,2.05,1779120724327
P001002,P000406,co_purchase,2,0.0909090909090909,True,2.42,1779120724327
P000406,P001002,co_purchase,2,0.14285714285714285,True,2.46,1779120724327
P000514,P000053,co_purchase,2,0.125,True,2.15,1779120724327
P000053,P000514,co_purchase,2,0.0909090909090909,True,2.13,1779120724327
P000938,P000844,co_purchase,2,0.125,True,2.36,1779120724327
P000844,P000938,co_purchase,2,0.09999999999999999,True,2.34,1779120724327
P000380,P000303,co_purchase,2,0.07999999999999999,True,1.32,1779120724327
P000303,P000380,co_purchase,2,0.08695652173913043,True,1.32,1779120724327
P000540,P000007,co_purchase,2,0.07407407407407407,True,0.92,1779120724327
P000007,P000540,co_purchase,2,0.06451612903225806,True,0.91,1779120724327
P001843,P001795,co_purchase,2,0.14285714285714285,True,3.34,1779120724327
P001795,P001843,co_purchase,2,0.125,True,3.33,1779120724327
P000433,P000903,co_purchase,2,0.07142857142857142,True,1.49,1779120724327
P000903,P000433,co_purchase,2,0.1111111111111111,True,1.52,1779120724327
P001577,P000926,co_purchase,2,0.1111111111111111,True,2.45,1779120724327
P000926,P001577,co_purchase,2,0.11764705882352941,True,2.46,1779120724327
P001473,P001916,co_purchase,2,0.09999999999999999,True,1.98,1779120724327
P001916,P001473,co_purchase,2,0.10526315789473684,True,1.98,1779120724327
P001164,P001791,co_purchase,2,0.07142857142857142,True,1.09,1779120724327
P001791,P001164,co_purchase,2,0.07999999999999999,True,1.09,1779120724327
P000407,P001984,co_purchase,2,0.10526315789473684,True,1.54,1779120724327
P001984,P000407,co_purchase,2,0.07692307692307691,True,1.52,1779120724327
P000218,P001784,co_purchase,2,0.08333333333333333,True,1.32,1779120724327
P001784,P000218,co_purchase,2,0.08333333333333333,True,1.32,1779120724327
P000314,P000340,co_purchase,2,0.125,True,2.15,1779120724327
P000340,P000314,co_purchase,2,0.0909090909090909,True,2.13,1779120724327
P000648,P000105,co_purchase,2,0.10526315789473684,True,1.81,1779120724327
P000105,P000648,co_purchase,2,0.0909090909090909,True,1.8,1779120724327
P000079,P000044,co_purchase,2,0.125,True,2.25,1779120724327
P000044,P000079,co_purchase,2,0.09523809523809523,True,2.23,1779120724327
P001336,P000260,co_purchase,2,0.10526315789473684,True,3.55,1779120724327
P000260,P001336,co_purchase,2,0.1818181818181818,True,3.6,1779120724327
P000260,P000547,co_purchase,2,0.1818181818181818,True,3.6,1779120724327
P000547,P000260,co_purchase,2,0.10526315789473684,True,3.55,1779120724327
P001883,P001976,co_purchase,2,0.06666666666666667,True,1.56,1779120724327
P001976,P001883,co_purchase,2,0.125,True,1.6,1779120724327
P001606,P001524,co_purchase,2,0.10526315789473684,True,1.74,1779120724327
P001524,P001606,co_purchase,2,0.08695652173913043,True,1.72,1779120724327
P001996,P001109,co_purchase,2,0.10526315789473684,True,2.09,1779120724327
P001109,P001996,co_purchase,2,0.10526315789473684,True,2.09,1779120724327
P001499,P000111,co_purchase,2,0.08333333333333333,True,1.27,1779120724327
P000111,P001499,co_purchase,2,0.07999999999999999,True,1.27,1779120724327
P000887,P001897,co_purchase,2,0.14285714285714285,True,3.81,1779120724327
P001897,P000887,co_purchase,2,0.14285714285714285,True,3.81,1779120724327
P000034,P001509,co_purchase,2,0.09523809523809523,True,2.37,1779120724327
P001509,P000034,co_purchase,2,0.13333333333333333,True,2.4,1779120724327
P000758,P000784,co_purchase,2,0.07692307692307691,True,1.13,1779120724327
P000784,P000758,co_purchase,2,0.07692307692307691,True,1.13,1779120724327
P001275,P000854,co_purchase,2,0.0909090909090909,True,1.64,1779120724327
P000854,P001275,co_purchase,2,0.09523809523809523,True,1.64,1779120724327
P000144,P001443,co_purchase,2,0.08333333333333333,True,1.57,1779120724327
P001443,P000144,co_purchase,2,0.09999999999999999,True,1.58,1779120724327
P000777,P001318,co_purchase,2,0.07692307692307691,True,1.92,1779120724327
P001318,P000777,co_purchase,2,0.13333333333333333,True,1.96,1779120724327
P000233,P001314,co_purchase,2,0.0909090909090909,True,1.8,1779120724327
P001314,P000233,co_purchase,2,0.10526315789473684,True,1.81,1779120724327
P001114,P001290,co_purchase,2,0.09523809523809523,True,1.89,1779120724327
P001290,P001114,co_purchase,2,0.10526315789473684,True,1.89,1779120724327
P001748,P001163,co_purchase,2,0.125,True,2.36,1779120724327
P001163,P001748,co_purchase,2,0.09999999999999999,True,2.34,1779120724327
P000497,P000814,co_purchase,2,0.07692307692307691,True,1.52,1779120724327
P000814,P000497,co_purchase,2,0.10526315789473684,True,1.54,1779120724327
P000377,P000133,co_purchase,2,0.125,True,1.83,1779120724327
P000133,P000377,co_purchase,2,0.07692307692307691,True,1.8,1779120724327
P001294,P001626,co_purchase,2,0.0909090909090909,True,2.13,1779120724327
P001626,P001294,co_purchase,2,0.125,True,2.15,1779120724327
P001020,P001024,co_purchase,2,0.1111111111111111,False,2.32,1779120724327
P001024,P001020,co_purchase,2,0.1111111111111111,False,2.32,1779120724327
P000929,P000304,co_purchase,2,0.11764705882352941,True,1.86,1779120724327
P000304,P000929,co_purchase,2,0.08333333333333333,True,1.84,1779120724327
P000731,P000609,co_purchase,2,0.07142857142857142,True,1.58,1779120724327
P000609,P000731,co_purchase,2,0.11764705882352941,True,1.61,1779120724327
P001253,P001111,co_purchase,2,0.10526315789473684,True,2.32,1779120724327
P001111,P001253,co_purchase,2,0.11764705882352941,True,2.33,1779120724327
P001839,P001239,co_purchase,2,0.09523809523809523,True,1.3,1779120724327
P001239,P001839,co_purchase,2,0.07142857142857142,True,1.29,1779120724327
P001466,P000628,co_purchase,2,0.07999999999999999,True,2.7,1779120724327
P000628,P001466,co_purchase,2,0.1818181818181818,True,2.77,1779120724327
P000074,P001015,co_purchase,2,0.08333333333333333,True,1.84,1779120724327
P001015,P000074,co_purchase,2,0.11764705882352941,True,1.86,1779120724327
P001401,P001015,co_purchase,2,0.08333333333333333,True,1.84,1779120724327
P001015,P001401,co_purchase,2,0.11764705882352941,True,1.86,1779120724327
P000728,P000515,co_purchase,2,0.10526315789473684,True,1.54,1779120724327
P000515,P000728,co_purchase,2,0.07692307692307691,True,1.52,1779120724327
P001784,P000924,co_purchase,2,0.08333333333333333,False,1.74,1779120724327
P000924,P001784,co_purchase,2,0.1111111111111111,False,1.76,1779120724327
P000820,P001900,co_purchase,2,0.08695652173913043,True,1.56,1779120724327
P001900,P000820,co_purchase,2,0.09523809523809523,True,1.57,1779120724327
P001193,P000760,co_purchase,2,0.1111111111111111,True,1.57,1779120724327
P000760,P001193,co_purchase,2,0.07407407407407407,True,1.55,1779120724327
P001193,P000831,co_purchase,2,0.1111111111111111,False,2.0,1779120724327
P000831,P001193,co_purchase,2,0.09523809523809523,False,1.99,1779120724327
P000707,P000450,co_purchase,2,0.09999999999999999,True,1.8,1779120724327
P000450,P000707,co_purchase,2,0.09523809523809523,True,1.8,1779120724327
P001373,P000040,co_purchase,2,0.11764705882352941,True,2.75,1779120724327
P000040,P001373,co_purchase,2,0.125,True,2.76,1779120724327
P001323,P000294,co_purchase,2,0.125,True,2.48,1779120724327
P000294,P001323,co_purchase,2,0.10526315789473684,True,2.46,1779120724327
P001448,P001801,co_purchase,2,0.07999999999999999,True,1.38,1779120724327
P001801,P001448,co_purchase,2,0.0909090909090909,True,1.38,1779120724327
P001524,P001801,co_purchase,2,0.08695652173913043,True,1.5,1779120724327
P001801,P001524,co_purchase,2,0.0909090909090909,True,1.5,1779120724327
P000743,P000201,co_purchase,2,0.125,True,2.76,1779120724327
P000201,P000743,co_purchase,2,0.11764705882352941,True,2.75,1779120724327
P001984,P001842,co_purchase,2,0.07692307692307691,False,1.32,1779120724327
P001842,P001984,co_purchase,2,0.0909090909090909,False,1.33,1779120724327
P000505,P001378,co_purchase,2,0.10526315789473684,True,2.2,1779120724327
P001378,P000505,co_purchase,2,0.1111111111111111,True,2.2,1779120724327
P001317,P000388,co_purchase,2,0.10526315789473684,True,2.46,1779120724327
P000388,P001317,co_purchase,2,0.125,True,2.48,1779120724327
P000827,P000085,co_purchase,2,0.10526315789473684,True,2.62,1779120724327
P000085,P000827,co_purchase,2,0.13333333333333333,True,2.64,1779120724327
P000006,P001293,co_purchase,2,0.07142857142857142,False,1.29,1779120724327
P001293,P000006,co_purchase,2,0.09523809523809523,False,1.3,1779120724327
P000130,P001279,co_purchase,2,0.0909090909090909,True,1.56,1779120724327
P001279,P000130,co_purchase,2,0.0909090909090909,True,1.56,1779120724327
P001452,P001169,co_purchase,2,0.10526315789473684,True,1.98,1779120724327
P001169,P001452,co_purchase,2,0.09999999999999999,True,1.98,1779120724327
P000227,P001760,co_purchase,2,0.08333333333333333,True,1.14,1779120724327
P001760,P000227,co_purchase,2,0.07142857142857142,True,1.13,1779120724327
P001212,P000359,co_purchase,2,0.09523809523809523,True,1.99,1779120724327
P000359,P001212,co_purchase,2,0.1111111111111111,True,2.0,1779120724327
P001002,P001026,co_purchase,2,0.0909090909090909,False,1.8,1779120724327
P001026,P001002,co_purchase,2,0.10526315789473684,False,1.81,1779120724327
P000651,P001332,co_purchase,2,0.125,True,3.33,1779120724327
P001332,P000651,co_purchase,2,0.14285714285714285,True,3.34,1779120724327
P000249,P000411,co_purchase,2,0.10526315789473684,True,3.26,1779120724327
P000411,P000249,co_purchase,2,0.16666666666666666,True,3.3,1779120724327
P000605,P001473,co_purchase,2,0.1111111111111111,True,2.1,1779120724327
P001473,P000605,co_purchase,2,0.09999999999999999,True,2.09,1779120724327
P001734,P001642,co_purchase,2,0.16666666666666666,True,3.14,1779120724327
P001642,P001734,co_purchase,2,0.09999999999999999,True,3.1,1779120724327
P001736,P000340,co_purchase,2,0.10526315789473684,False,1.81,1779120724327
P000340,P001736,co_purchase,2,0.0909090909090909,False,1.8,1779120724327
P001329,P000740,co_purchase,2,0.07407407407407407,True,1.17,1779120724327
P000740,P001329,co_purchase,2,0.08333333333333333,True,1.18,1779120724327
P001397,P000164,co_purchase,2,0.09999999999999999,True,1.58,1779120724327
P000164,P001397,co_purchase,2,0.08333333333333333,True,1.57,1779120724327
P000777,P001654,co_purchase,2,0.07692307692307691,True,0.98,1779120724327
P001654,P000777,co_purchase,2,0.06666666666666667,True,0.98,1779120724327
P000602,P000812,co_purchase,2,0.09523809523809523,True,1.99,1779120724327
P000812,P000602,co_purchase,2,0.1111111111111111,True,2.0,1779120724327
P001696,P001617,co_purchase,2,0.09999999999999999,True,1.58,1779120724327
P001617,P001696,co_purchase,2,0.08333333333333333,True,1.57,1779120724327
P001989,P000898,co_purchase,2,0.06666666666666667,True,1.32,1779120724327
P000898,P001989,co_purchase,2,0.10526315789473684,True,1.35,1779120724327
P000750,P001797,co_purchase,2,0.125,True,2.61,1779120724327
P001797,P000750,co_purchase,2,0.1111111111111111,True,2.6,1779120724327
P001967,P000580,co_purchase,2,0.1111111111111111,True,2.32,1779120724327
P000580,P001967,co_purchase,2,0.1111111111111111,True,2.32,1779120724327
P001760,P000729,co_purchase,2,0.07142857142857142,True,1.58,1779120724327
P000729,P001760,co_purchase,2,0.11764705882352941,True,1.61,1779120724327
P000902,P000729,co_purchase,2,0.06666666666666667,True,1.47,1779120724327
P000729,P000902,co_purchase,2,0.11764705882352941,True,1.51,1779120724327
P001989,P001951,co_purchase,2,0.06666666666666667,True,1.26,1779120724327
P001951,P001989,co_purchase,2,0.09999999999999999,True,1.28,1779120724327
P000434,P000470,co_purchase,2,0.08333333333333333,True,2.22,1779120724327
P000470,P000434,co_purchase,2,0.14285714285714285,True,2.26,1779120724327
P000649,P001104,co_purchase,2,0.07692307692307691,False,1.45,1779120724327
P001104,P000649,co_purchase,2,0.09999999999999999,False,1.47,1779120724327
P001104,P001841,co_purchase,2,0.09999999999999999,False,1.47,1779120724327
P001841,P001104,co_purchase,2,0.07692307692307691,False,1.45,1779120724327
P000152,P001217,co_purchase,2,0.07999999999999999,True,1.51,1779120724327
P001217,P000152,co_purchase,2,0.09999999999999999,True,1.52,1779120724327
P001114,P001107,co_purchase,2,0.09523809523809523,True,1.45,1779120724327
P001107,P001114,co_purchase,2,0.07999999999999999,True,1.44,1779120724327
P000268,P000809,co_purchase,2,0.125,True,2.15,1779120724327
P000809,P000268,co_purchase,2,0.0909090909090909,True,2.13,1779120724327
P000268,P001719,co_purchase,2,0.125,True,2.25,1779120724327
P001719,P000268,co_purchase,2,0.09523809523809523,True,2.23,1779120724327
P001505,P000925,co_purchase,2,0.08695652173913043,True,1.82,1779120724327
P000925,P001505,co_purchase,2,0.1111111111111111,True,1.83,1779120724327
P000939,P000722,co_purchase,2,0.08695652173913043,True,1.5,1779120724327
P000722,P000939,co_purchase,2,0.0909090909090909,True,1.5,1779120724327
P001329,P000834,co_purchase,2,0.07407407407407407,True,2.12,1779120724327
P000834,P001329,co_purchase,2,0.15384615384615383,True,2.18,1779120724327
P000960,P001937,co_purchase,2,0.08333333333333333,True,2.08,1779120724327
P001937,P000960,co_purchase,2,0.13333333333333333,True,2.11,1779120724327
P000198,P001495,co_purchase,2,0.08695652173913043,True,1.43,1779120724327
P001495,P000198,co_purchase,2,0.08695652173913043,True,1.43,1779120724327
P000922,P001169,co_purchase,2,0.14285714285714285,True,2.69,1779120724327
P001169,P000922,co_purchase,2,0.09999999999999999,True,2.66,1779120724327
P001420,P001354,co_purchase,2,0.0909090909090909,True,1.24,1779120724327
P001354,P001420,co_purchase,2,0.07142857142857142,True,1.23,1779120724327
P000958,P000111,co_purchase,2,0.125,True,1.9,1779120724327
P000111,P000958,co_purchase,2,0.07999999999999999,True,1.87,1779120724327
P000911,P001717,co_purchase,2,0.14285714285714285,True,3.34,1779120724327
P001717,P000911,co_purchase,2,0.125,True,3.33,1779120724327
P000587,P000900,co_purchase,2,0.07999999999999999,True,1.67,1779120724327
P000900,P000587,co_purchase,2,0.1111111111111111,True,1.69,1779120724327
P001138,P000599,co_purchase,2,0.13333333333333333,True,2.29,1779120724327
P000599,P001138,co_purchase,2,0.0909090909090909,True,2.26,1779120724327
P001469,P000800,co_purchase,2,0.09523809523809523,True,2.1,1779120724327
P000800,P001469,co_purchase,2,0.11764705882352941,True,2.12,1779120724327
P001231,P001012,co_purchase,2,0.1111111111111111,True,2.32,1779120724327
P001012,P001231,co_purchase,2,0.1111111111111111,True,2.32,1779120724327
P000497,P000776,co_purchase,2,0.07692307692307691,True,1.92,1779120724327
P000776,P000497,co_purchase,2,0.13333333333333333,True,1.96,1779120724327
P001993,P001187,co_purchase,2,0.13333333333333333,True,2.2,1779120724327
P001187,P001993,co_purchase,2,0.08695652173913043,True,2.17,1779120724327
P001690,P000479,co_purchase,2,0.13333333333333333,True,1.89,1779120724327
P000479,P001690,co_purchase,2,0.07407407407407407,True,1.85,1779120724327
P001251,P000650,co_purchase,2,0.07999999999999999,True,1.06,1779120724327
P000650,P001251,co_purchase,2,0.06896551724137931,True,1.05,1779120724327
P000271,P000691,co_purchase,2,0.13333333333333333,True,2.51,1779120724327
P000691,P000271,co_purchase,2,0.09999999999999999,True,2.49,1779120724327
P000063,P000768,co_purchase,2,0.08695652173913043,True,1.56,1779120724327
P000768,P000063,co_purchase,2,0.09523809523809523,True,1.57,1779120724327
P001089,P001118,co_purchase,2,0.1818181818181818,True,3.13,1779120724327
P001118,P001089,co_purchase,2,0.0909090909090909,True,3.06,1779120724327
P001929,P001089,co_purchase,2,0.11764705882352941,False,3.97,1779120724327
P001089,P001929,co_purchase,2,0.1818181818181818,False,4.01,1779120724327
P001383,P000549,co_purchase,2,0.14285714285714285,True,2.36,1779120724327
P000549,P001383,co_purchase,2,0.08695652173913043,True,2.32,1779120724327
P001577,P001955,co_purchase,2,0.1111111111111111,True,2.6,1779120724327
P001955,P001577,co_purchase,2,0.125,True,2.61,1779120724327
P000640,P001034,co_purchase,2,0.09523809523809523,True,1.57,1779120724327
P001034,P000640,co_purchase,2,0.08695652173913043,True,1.56,1779120724327
P000461,P000458,co_purchase,2,0.09999999999999999,False,2.49,1779120724327
P000458,P000461,co_purchase,2,0.13333333333333333,False,2.51,1779120724327
P000339,P000840,co_purchase,2,0.10526315789473684,True,2.8,1779120724327
P000840,P000339,co_purchase,2,0.14285714285714285,True,2.83,1779120724327
P001243,P001549,co_purchase,2,0.0909090909090909,True,2.81,1779120724327
P001549,P001243,co_purchase,2,0.16666666666666666,True,2.87,1779120724327
P000512,P000655,co_purchase,2,0.07692307692307691,True,1.27,1779120724327
P000655,P000512,co_purchase,2,0.08695652173913043,True,1.28,1779120724327
P000655,P000304,co_purchase,2,0.08695652173913043,True,1.38,1779120724327
P000304,P000655,co_purchase,2,0.08333333333333333,True,1.37,1779120724327
P000902,P000655,co_purchase,2,0.06666666666666667,True,1.1,1779120724327
P000655,P000902,co_purchase,2,0.08695652173913043,True,1.11,1779120724327
P000795,P001322,co_purchase,2,0.09523809523809523,True,1.64,1779120724327
P001322,P000795,co_purchase,2,0.0909090909090909,True,1.64,1779120724327
P001812,P000403,co_purchase,2,0.08695652173913043,True,1.56,1779120724327
P000403,P001812,co_purchase,2,0.09523809523809523,True,1.57,1779120724327
P001009,P000287,co_purchase,2,0.07999999999999999,True,1.38,1779120724327
P000287,P001009,co_purchase,2,0.0909090909090909,True,1.38,1779120724327
P000597,P001109,co_purchase,2,0.09999999999999999,True,1.98,1779120724327
P001109,P000597,co_purchase,2,0.10526315789473684,True,1.98,1779120724327
P001109,P001772,co_purchase,2,0.10526315789473684,True,1.54,1779120724327
P001772,P001109,co_purchase,2,0.07692307692307691,True,1.52,1779120724327
P000294,P000173,co_purchase,2,0.10526315789473684,True,2.8,1779120724327
P000173,P000294,co_purchase,2,0.14285714285714285,True,2.83,1779120724327
P001176,P000961,co_purchase,2,0.09523809523809523,True,1.71,1779120724327
P000961,P001176,co_purchase,2,0.09523809523809523,True,1.71,1779120724327
P001324,P001203,co_purchase,2,0.15384615384615383,True,3.6,1779120724327
P001203,P001324,co_purchase,2,0.125,True,3.58,1779120724327
P001835,P001389,co_purchase,2,0.09999999999999999,True,1.89,1779120724327
P001389,P001835,co_purchase,2,0.09999999999999999,True,1.89,1779120724327
P000264,P001687,co_purchase,2,0.13333333333333333,True,2.29,1779120724327
P001687,P000264,co_purchase,2,0.0909090909090909,True,2.26,1779120724327
P000909,P000549,co_purchase,2,0.09999999999999999,True,1.65,1779120724327
P000549,P000909,co_purchase,2,0.08695652173913043,True,1.64,1779120724327
P001657,P001174,co_purchase,2,0.11764705882352941,True,2.75,1779120724327
P001174,P001657,co_purchase,2,0.125,True,2.76,1779120724327
P000441,P001411,co_purchase,2,0.14285714285714285,True,2.98,1779120724327
P001411,P000441,co_purchase,2,0.1111111111111111,True,2.96,1779120724327
P001723,P001354,co_purchase,2,0.08695652173913043,True,1.19,1779120724327
P001354,P001723,co_purchase,2,0.07142857142857142,True,1.18,1779120724327
P001693,P001543,co_purchase,2,0.13333333333333333,True,2.29,1779120724327
P001543,P001693,co_purchase,2,0.0909090909090909,True,2.26,1779120724327
P001697,P000417,co_purchase,2,0.09523809523809523,True,1.57,1779120724327
P000417,P001697,co_purchase,2,0.08695652173913043,True,1.56,1779120724327
P001511,P001256,co_purchase,2,0.07142857142857142,False,1.42,1779120724327
P001256,P001511,co_purchase,2,0.10526315789473684,False,1.44,1779120724327
P001658,P000731,co_purchase,2,0.1111111111111111,True,1.52,1779120724327
P000731,P001658,co_purchase,2,0.07142857142857142,True,1.49,1779120724327
P000621,P000965,co_purchase,2,0.08695652173913043,True,1.5,1779120724327
P000965,P000621,co_purchase,2,0.0909090909090909,True,1.5,1779120724327
P001979,P001801,co_purchase,2,0.125,True,2.15,1779120724327
P001801,P001979,co_purchase,2,0.0909090909090909,True,2.13,1779120724327
P000432,P001112,co_purchase,2,0.09523809523809523,True,1.35,1779120724327
P001112,P000432,co_purchase,2,0.07407407407407407,True,1.33,1779120724327
P001835,P000413,co_purchase,2,0.09999999999999999,True,1.52,1779120724327
P000413,P001835,co_purchase,2,0.07999999999999999,True,1.51,1779120724327
P001965,P001835,co_purchase,2,0.07999999999999999,False,1.51,1779120724327
P001835,P001965,co_purchase,2,0.09999999999999999,False,1.52,1779120724327
P001828,P000248,co_purchase,2,0.11764705882352941,True,1.66,1779120724327
P000248,P001828,co_purchase,2,0.07407407407407407,True,1.63,1779120724327
P001828,P001881,co_purchase,2,0.11764705882352941,False,2.22,1779120724327
P001881,P001828,co_purchase,2,0.09999999999999999,False,2.21,1779120724327
P001166,P000045,co_purchase,2,0.10526315789473684,True,2.09,1779120724327
P000045,P001166,co_purchase,2,0.10526315789473684,True,2.09,1779120724327
P001315,P000291,co_purchase,2,0.07999999999999999,False,1.58,1779120724327
P000291,P001315,co_purchase,2,0.10526315789473684,False,1.6,1779120724327
P001992,P001772,co_purchase,2,0.08333333333333333,True,1.22,1779120724327
P001772,P001992,co_purchase,2,0.07692307692307691,True,1.22,1779120724327
P001165,P000177,co_purchase,2,0.07407407407407407,True,2.74,1779120724327
P000177,P001165,co_purchase,2,0.19999999999999998,True,2.83,1779120724327
P001908,P001554,co_purchase,2,0.15384615384615383,True,2.65,1779120724327
P001554,P001908,co_purchase,2,0.0909090909090909,True,2.6,1779120724327
P000084,P000740,co_purchase,2,0.0909090909090909,True,1.44,1779120724327
P000740,P000084,co_purchase,2,0.08333333333333333,True,1.43,1779120724327
P000214,P001540,co_purchase,2,0.125,True,2.25,1779120724327
P001540,P000214,co_purchase,2,0.09523809523809523,True,2.23,1779120724327
P001492,P001351,co_purchase,2,0.08695652173913043,True,1.64,1779120724327
P001351,P001492,co_purchase,2,0.09999999999999999,True,1.65,1779120724327
P000390,P000933,co_purchase,2,0.09523809523809523,True,2.1,1779120724327
P000933,P000390,co_purchase,2,0.11764705882352941,True,2.12,1779120724327
P000247,P001974,co_purchase,2,0.08695652173913043,True,1.82,1779120724327
P001974,P000247,co_purchase,2,0.1111111111111111,True,1.83,1779120724327
P001984,P001183,co_purchase,2,0.07692307692307691,True,2.38,1779120724327
P001183,P001984,co_purchase,2,0.16666666666666666,True,2.44,1779120724327
P001040,P000439,co_purchase,2,0.08695652173913043,True,1.72,1779120724327
P000439,P001040,co_purchase,2,0.10526315789473684,True,1.74,1779120724327
P000874,P001137,co_purchase,2,0.13333333333333333,True,3.32,1779120724327
P001137,P000874,co_purchase,2,0.13333333333333333,True,3.32,1779120724327
P001432,P001107,co_purchase,2,0.1818181818181818,True,2.77,1779120724327
P001107,P001432,co_purchase,2,0.07999999999999999,True,2.7,1779120724327
P001771,P000376,co_purchase,2,0.10526315789473684,True,2.2,1779120724327
P000376,P001771,co_purchase,2,0.1111111111111111,True,2.2,1779120724327
P000402,P001490,co_purchase,2,0.11764705882352941,False,2.6,1779120724327
P001490,P000402,co_purchase,2,0.11764705882352941,False,2.6,1779120724327
P000041,P001705,co_purchase,2,0.125,True,2.48,1779120724327
P001705,P000041,co_purchase,2,0.10526315789473684,True,2.46,1779120724327
P000041,P000512,co_purchase,2,0.125,True,1.83,1779120724327
P000512,P000041,co_purchase,2,0.07692307692307691,True,1.8,1779120724327
P000878,P001097,co_purchase,2,0.09523809523809523,True,1.51,1779120724327
P001097,P000878,co_purchase,2,0.08333333333333333,True,1.5,1779120724327
P000346,P001928,co_purchase,2,0.09523809523809523,True,1.71,1779120724327
P001928,P000346,co_purchase,2,0.09523809523809523,True,1.71,1779120724327
P001018,P001799,co_purchase,2,0.09999999999999999,True,2.09,1779120724327
P001799,P001018,co_purchase,2,0.1111111111111111,True,2.1,1779120724327
P001664,P001257,co_purchase,2,0.10526315789473684,True,1.49,1779120724327
P001257,P001664,co_purchase,2,0.07407407407407407,True,1.47,1779120724327
P001227,P001429,co_purchase,2,0.08333333333333333,True,2.08,1779120724327
P001429,P001227,co_purchase,2,0.13333333333333333,True,2.11,1779120724327
P001315,P001469,co_purchase,2,0.07999999999999999,True,1.44,1779120724327
P001469,P001315,co_purchase,2,0.09523809523809523,True,1.45,1779120724327
P000782,P001005,co_purchase,2,0.11764705882352941,True,2.33,1779120724327
P001005,P000782,co_purchase,2,0.10526315789473684,True,2.32,1779120724327
P001375,P001665,co_purchase,2,0.11764705882352941,True,2.12,1779120724327
P001665,P001375,co_purchase,2,0.09523809523809523,True,2.1,1779120724327
P001520,P000417,co_purchase,2,0.10526315789473684,True,1.74,1779120724327
P000417,P001520,co_purchase,2,0.08695652173913043,True,1.72,1779120724327
P001611,P001520,co_purchase,2,0.09523809523809523,True,1.89,1779120724327
P001520,P001611,co_purchase,2,0.10526315789473684,True,1.89,1779120724327
P000761,P001520,co_purchase,2,0.0909090909090909,True,1.8,1779120724327
P001520,P000761,co_purchase,2,0.10526315789473684,True,1.81,1779120724327
P000272,P000895,co_purchase,2,0.1111111111111111,True,2.45,1779120724327
P000895,P000272,co_purchase,2,0.11764705882352941,True,2.46,1779120724327
P000815,P000394,co_purchase,2,0.11764705882352941,True,2.93,1779120724327
P000394,P000815,co_purchase,2,0.13333333333333333,True,2.94,1779120724327
P001025,P000998,co_purchase,2,0.0909090909090909,False,2.13,1779120724327
P000998,P001025,co_purchase,2,0.125,False,2.15,1779120724327
P000953,P001587,co_purchase,2,0.1111111111111111,True,2.32,1779120724327
P001587,P000953,co_purchase,2,0.1111111111111111,True,2.32,1779120724327
P001688,P000842,co_purchase,2,0.08695652173913043,True,1.56,1779120724327
P000842,P001688,co_purchase,2,0.09523809523809523,True,1.57,1779120724327
P000385,P001953,co_purchase,2,0.09523809523809523,False,1.8,1779120724327
P001953,P000385,co_purchase,2,0.09999999999999999,False,1.8,1779120724327
P001653,P000171,co_purchase,2,0.13333333333333333,True,2.29,1779120724327
P000171,P001653,co_purchase,2,0.0909090909090909,True,2.26,1779120724327
P000315,P000120,co_purchase,2,0.1111111111111111,True,2.32,1779120724327
P000120,P000315,co_purchase,2,0.1111111111111111,True,2.32,1779120724327
P000192,P000315,co_purchase,2,0.09999999999999999,False,2.09,1779120724327
P000315,P000192,co_purchase,2,0.1111111111111111,False,2.1,1779120724327
P001411,P001731,co_purchase,2,0.1111111111111111,True,2.77,1779120724327
P001731,P001411,co_purchase,2,0.13333333333333333,True,2.78,1779120724327
P000183,P001705,co_purchase,2,0.11764705882352941,False,2.33,1779120724327
P001705,P000183,co_purchase,2,0.10526315789473684,False,2.32,1779120724327
P001004,P000592,co_purchase,2,0.09999999999999999,True,1.8,1779120724327
P000592,P001004,co_purchase,2,0.09523809523809523,True,1.8,1779120724327
P001249,P001334,co_purchase,3,0.16666666666666669,True,2.54,1779120724327
P001334,P001249,co_purchase,3,0.12,True,2.5,1779120724327
P001249,P001695,co_purchase,2,0.1111111111111111,True,1.57,1779120724327
P001695,P001249,co_purchase,2,0.07407407407407407,True,1.55,1779120724327
P001784,P001460,co_purchase,2,0.08333333333333333,True,1.43,1779120724327
P001460,P001784,co_purchase,2,0.0909090909090909,True,1.44,1779120724327
P000969,P001738,co_purchase,2,0.09523809523809523,True,1.51,1779120724327
P001738,P000969,co_purchase,2,0.08333333333333333,True,1.5,1779120724327
P001761,P000542,co_purchase,2,0.09523809523809523,True,1.64,1779120724327
P000542,P001761,co_purchase,2,0.0909090909090909,True,1.64,1779120724327
P001481,P001543,co_purchase,2,0.09999999999999999,False,1.72,1779120724327
P001543,P001481,co_purchase,2,0.0909090909090909,False,1.71,1779120724327
P001481,P001097,co_purchase,2,0.09999999999999999,True,1.58,1779120724327
P001097,P001481,co_purchase,2,0.08333333333333333,True,1.57,1779120724327
P000677,P000081,co_purchase,2,0.10526315789473684,True,2.32,1779120724327
P000081,P000677,co_purchase,2,0.11764705882352941,True,2.33,1779120724327
P000652,P000518,co_purchase,2,0.1111111111111111,True,2.77,1779120724327
P000518,P000652,co_purchase,2,0.13333333333333333,True,2.78,1779120724327
P001149,P000075,co_purchase,2,0.10526315789473684,False,1.89,1779120724327
P000075,P001149,co_purchase,2,0.09523809523809523,False,1.89,1779120724327
P001839,P000672,co_purchase,2,0.09523809523809523,True,2.37,1779120724327
P000672,P001839,co_purchase,2,0.13333333333333333,True,2.4,1779120724327
P000507,P001353,co_purchase,2,0.08695652173913043,True,1.38,1779120724327
P001353,P000507,co_purchase,2,0.08333333333333333,True,1.37,1779120724327
P001821,P001670,co_purchase,2,0.10526315789473684,True,2.62,1779120724327
P001670,P001821,co_purchase,2,0.13333333333333333,True,2.64,1779120724327
P001387,P000832,co_purchase,2,0.07692307692307691,True,1.02,1779120724327
P000832,P001387,co_purchase,2,0.06896551724137931,True,1.01,1779120724327
P000934,P001775,co_purchase,3,0.14285714285714285,True,3.81,1779120724327
P001775,P000934,co_purchase,3,0.21428571428571427,True,3.86,1779120724327
P001638,P000250,co_purchase,2,0.13333333333333333,True,3.55,1779120724327
P000250,P001638,co_purchase,2,0.14285714285714285,True,3.56,1779120724327
P000129,P001824,co_purchase,2,0.09523809523809523,True,1.89,1779120724327
P001824,P000129,co_purchase,2,0.10526315789473684,True,1.89,1779120724327
P000272,P000760,co_purchase,2,0.1111111111111111,True,1.57,1779120724327
P000760,P000272,co_purchase,2,0.07407407407407407,True,1.55,1779120724327
P000766,P000525,co_purchase,2,0.1111111111111111,True,2.0,1779120724327
P000525,P000766,co_purchase,2,0.09523809523809523,True,1.99,1779120724327
P000766,P000053,co_purchase,2,0.1111111111111111,True,1.91,1779120724327
P000053,P000766,co_purchase,2,0.0909090909090909,True,1.9,1779120724327
P001824,P000715,co_purchase,2,0.10526315789473684,True,2.2,1779120724327
P000715,P001824,co_purchase,2,0.1111111111111111,True,2.2,1779120724327
P001165,P001989,co_purchase,2,0.07407407407407407,True,0.95,1779120724327
P001989,P001165,co_purchase,2,0.06666666666666667,True,0.94,1779120724327
P001591,P000440,co_purchase,2,0.09999999999999999,True,1.52,1779120724327
P000440,P001591,co_purchase,2,0.07999999999999999,True,1.51,1779120724327
P001691,P001644,co_purchase,2,0.125,True,2.25,1779120724327
P001644,P001691,co_purchase,2,0.09523809523809523,True,2.23,1779120724327
P001017,P000653,co_purchase,2,0.15384615384615383,True,2.9,1779120724327
P000653,P001017,co_purchase,2,0.09999999999999999,True,2.86,1779120724327
P001017,P001639,co_purchase,2,0.15384615384615383,True,2.54,1779120724327
P001639,P001017,co_purchase,2,0.08695652173913043,True,2.49,1779120724327
P000824,P000035,co_purchase,2,0.08333333333333333,True,1.27,1779120724327
P000035,P000824,co_purchase,2,0.07999999999999999,True,1.27,1779120724327
P000567,P000164,co_purchase,2,0.1111111111111111,True,1.76,1779120724327
P000164,P000567,co_purchase,2,0.08333333333333333,True,1.74,1779120724327
P000567,P001782,co_purchase,2,0.1111111111111111,True,2.2,1779120724327
P001782,P000567,co_purchase,2,0.10526315789473684,True,2.2,1779120724327
P000334,P000165,co_purchase,2,0.11764705882352941,True,2.75,1779120724327
P000165,P000334,co_purchase,2,0.125,True,2.76,1779120724327
P001463,P000970,co_purchase,2,0.125,True,2.92,1779120724327
P000970,P001463,co_purchase,2,0.125,True,2.92,1779120724327
P000544,P001474,co_purchase,2,0.08695652173913043,True,1.72,1779120724327
P001474,P000544,co_purchase,2,0.10526315789473684,True,1.74,1779120724327
P001933,P000777,co_purchase,2,0.10526315789473684,False,1.54,1779120724327
P000777,P001933,co_purchase,2,0.07692307692307691,False,1.52,1779120724327
P001657,P000102,co_purchase,2,0.11764705882352941,False,1.73,1779120724327
P000102,P001657,co_purchase,2,0.07692307692307691,False,1.7,1779120724327
P000446,P001358,co_purchase,2,0.08333333333333333,True,1.43,1779120724327
P001358,P000446,co_purchase,2,0.0909090909090909,True,1.44,1779120724327
P001019,P001944,co_purchase,2,0.09523809523809523,True,2.73,1779120724327
P001944,P001019,co_purchase,2,0.15384615384615383,True,2.77,1779120724327
P000031,P000703,co_purchase,2,0.11764705882352941,True,2.93,1779120724327
P000703,P000031,co_purchase,2,0.13333333333333333,True,2.94,1779120724327
P001905,P001022,co_purchase,2,0.11764705882352941,True,1.86,1779120724327
P001022,P001905,co_purchase,2,0.08333333333333333,True,1.84,1779120724327
P000209,P000385,co_purchase,2,0.10526315789473684,True,1.89,1779120724327
P000385,P000209,co_purchase,2,0.09523809523809523,True,1.89,1779120724327
P000767,P001702,co_purchase,2,0.07692307692307691,True,2.05,1779120724327
P001702,P000767,co_purchase,2,0.14285714285714285,True,2.1,1779120724327
P000829,P001774,co_purchase,2,0.07999999999999999,True,1.87,1779120724327
P001774,P000829,co_purchase,2,0.125,True,1.9,1779120724327
P001107,P001204,co_purchase,2,0.07999999999999999,True,1.99,1779120724327
P001204,P001107,co_purchase,2,0.13333333333333333,True,2.03,1779120724327
P000599,P000592,co_purchase,2,0.0909090909090909,True,1.64,1779120724327
P000592,P000599,co_purchase,2,0.09523809523809523,True,1.64,1779120724327
P000300,P001801,co_purchase,2,0.14285714285714285,True,2.46,1779120724327
P001801,P000300,co_purchase,2,0.0909090909090909,True,2.42,1779120724327
P001462,P001659,co_purchase,2,0.09523809523809523,True,1.89,1779120724327
P001659,P001462,co_purchase,2,0.10526315789473684,True,1.89,1779120724327
P001225,P001167,co_purchase,2,0.07407407407407407,True,1.63,1779120724327
P001167,P001225,co_purchase,2,0.11764705882352941,True,1.66,1779120724327
P001594,P001110,co_purchase,2,0.1111111111111111,True,2.77,1779120724327
P001110,P001594,co_purchase,2,0.13333333333333333,True,2.78,1779120724327
P000540,P001110,co_purchase,2,0.07407407407407407,True,1.85,1779120724327
P001110,P000540,co_purchase,2,0.13333333333333333,True,1.89,1779120724327
P000762,P001884,co_purchase,2,0.06451612903225806,True,2.39,1779120724327
P001884,P000762,co_purchase,2,0.19999999999999998,True,2.48,1779120724327
P001919,P001458,co_purchase,2,0.10526315789473684,True,1.74,1779120724327
P001458,P001919,co_purchase,2,0.08695652173913043,True,1.72,1779120724327
P001780,P001114,co_purchase,2,0.09999999999999999,True,1.8,1779120724327
P001114,P001780,co_purchase,2,0.09523809523809523,True,1.8,1779120724327
P001069,P000687,co_purchase,2,0.09999999999999999,True,2.34,1779120724327
P000687,P001069,co_purchase,2,0.125,True,2.36,1779120724327
P001147,P001789,co_purchase,2,0.10526315789473684,True,2.32,1779120724327
P001789,P001147,co_purchase,2,0.11764705882352941,True,2.33,1779120724327
P001825,P001308,co_purchase,2,0.09999999999999999,True,1.72,1779120724327
P001308,P001825,co_purchase,2,0.0909090909090909,True,1.71,1779120724327
P001260,P001372,co_purchase,2,0.09523809523809523,True,1.99,1779120724327
P001372,P001260,co_purchase,2,0.1111111111111111,True,2.0,1779120724327
P001192,P000028,co_purchase,2,0.09523809523809523,True,2.23,1779120724327
P000028,P001192,co_purchase,2,0.125,True,2.25,1779120724327
P000942,P000028,co_purchase,2,0.0909090909090909,True,2.13,1779120724327
P000028,P000942,co_purchase,2,0.125,True,2.15,1779120724327
P000893,P001207,co_purchase,2,0.08333333333333333,True,1.84,1779120724327
P001207,P000893,co_purchase,2,0.11764705882352941,True,1.86,1779120724327
P001191,P000116,co_purchase,2,0.09523809523809523,True,2.54,1779120724327
P000116,P001191,co_purchase,2,0.14285714285714285,True,2.57,1779120724327
P001806,P000608,co_purchase,2,0.08695652173913043,True,1.82,1779120724327
P000608,P001806,co_purchase,2,0.1111111111111111,True,1.83,1779120724327
P000255,P001326,co_purchase,2,0.09523809523809523,True,1.57,1779120724327
P001326,P000255,co_purchase,2,0.08695652173913043,True,1.56,1779120724327
P001761,P001704,co_purchase,2,0.09523809523809523,True,1.99,1779120724327
P001704,P001761,co_purchase,2,0.1111111111111111,True,2.0,1779120724327
P001704,P000141,co_purchase,2,0.1111111111111111,True,1.69,1779120724327
P000141,P001704,co_purchase,2,0.07999999999999999,True,1.67,1779120724327
P000410,P001829,co_purchase,2,0.10526315789473684,True,1.98,1779120724327
P001829,P000410,co_purchase,2,0.09999999999999999,True,1.98,1779120724327
P001360,P001169,co_purchase,2,0.13333333333333333,True,2.51,1779120724327
P001169,P001360,co_purchase,2,0.09999999999999999,True,2.49,1779120724327
P001403,P000506,co_purchase,2,0.09999999999999999,False,1.41,1779120724327
P000506,P001403,co_purchase,2,0.07407407407407407,False,1.4,1779120724327
P001403,P001517,co_purchase,2,0.09999999999999999,True,1.8,1779120724327
P001517,P001403,co_purchase,2,0.09523809523809523,True,1.8,1779120724327
P001200,P001076,co_purchase,2,0.09999999999999999,True,3.37,1779120724327
P001076,P001200,co_purchase,2,0.1818181818181818,True,3.43,1779120724327
P000678,P000696,co_purchase,2,0.09999999999999999,True,2.66,1779120724327
P000696,P000678,co_purchase,2,0.14285714285714285,True,2.69,1779120724327
P001484,P000589,co_purchase,2,0.1111111111111111,True,1.76,1779120724327
P000589,P001484,co_purchase,2,0.08333333333333333,True,1.74,1779120724327
P001094,P001374,co_purchase,2,0.14285714285714285,True,2.98,1779120724327
P001374,P001094,co_purchase,2,0.1111111111111111,True,2.96,1779120724327
P000654,P000693,co_purchase,2,0.10526315789473684,True,2.2,1779120724327
P000693,P000654,co_purchase,2,0.1111111111111111,True,2.2,1779120724327
P000755,P000749,co_purchase,2,0.11764705882352941,True,2.12,1779120724327
P000749,P000755,co_purchase,2,0.09523809523809523,True,2.1,1779120724327
P000996,P001385,co_purchase,2,0.09999999999999999,True,2.09,1779120724327
P001385,P000996,co_purchase,2,0.1111111111111111,True,2.1,1779120724327
P001952,P000635,co_purchase,2,0.07999999999999999,True,1.58,1779120724327
P000635,P001952,co_purchase,2,0.10526315789473684,True,1.6,1779120724327
P000953,P000471,co_purchase,2,0.1111111111111111,False,2.6,1779120724327
P000471,P000953,co_purchase,2,0.125,False,2.61,1779120724327
P001144,P000831,co_purchase,2,0.09523809523809523,True,1.71,1779120724327
P000831,P001144,co_purchase,2,0.09523809523809523,True,1.71,1779120724327
P001248,P001144,co_purchase,2,0.09523809523809523,True,1.71,1779120724327
P001144,P001248,co_purchase,2,0.09523809523809523,True,1.71,1779120724327
P000972,P000384,co_purchase,2,0.13333333333333333,True,2.4,1779120724327
P000384,P000972,co_purchase,2,0.09523809523809523,True,2.37,1779120724327
P000984,P001566,co_purchase,2,0.14285714285714285,True,2.69,1779120724327
P001566,P000984,co_purchase,2,0.09999999999999999,True,2.66,1779120724327
P000976,P000237,co_purchase,2,0.15384615384615383,False,2.65,1779120724327
P000237,P000976,co_purchase,2,0.0909090909090909,False,2.6,1779120724327
P000621,P001117,co_purchase,2,0.08695652173913043,True,1.82,1779120724327
P001117,P000621,co_purchase,2,0.1111111111111111,True,1.83,1779120724327
P001728,P001380,co_purchase,2,0.16666666666666666,True,3.68,1779120724327
P001380,P001728,co_purchase,2,0.11764705882352941,True,3.64,1779120724327
P001645,P000716,co_purchase,2,0.07999999999999999,True,1.67,1779120724327
P000716,P001645,co_purchase,2,0.1111111111111111,True,1.69,1779120724327
P000509,P001600,co_purchase,2,0.07692307692307691,True,1.8,1779120724327
P001600,P000509,co_purchase,2,0.125,True,1.83,1779120724327
P001462,P000521,co_purchase,2,0.09523809523809523,True,1.99,1779120724327
P000521,P001462,co_purchase,2,0.1111111111111111,True,2.0,1779120724327
P000540,P001698,co_purchase,2,0.07407407407407407,True,1.47,1779120724327
P001698,P000540,co_purchase,2,0.10526315789473684,True,1.49,1779120724327
P001481,P001037,co_purchase,2,0.09999999999999999,True,2.66,1779120724327
P001037,P001481,co_purchase,2,0.14285714285714285,True,2.69,1779120724327
P000063,P001123,co_purchase,2,0.08695652173913043,False,2.32,1779120724327
P001123,P000063,co_purchase,2,0.14285714285714285,False,2.36,1779120724327
P001405,P001292,co_purchase,2,0.14285714285714285,True,2.46,1779120724327
P001292,P001405,co_purchase,2,0.0909090909090909,True,2.42,1779120724327
P000816,P000868,co_purchase,2,0.08695652173913043,True,1.72,1779120724327
P000868,P000816,co_purchase,2,0.10526315789473684,True,1.74,1779120724327
P001462,P001285,co_purchase,2,0.09523809523809523,True,1.89,1779120724327
P001285,P001462,co_purchase,2,0.10526315789473684,True,1.89,1779120724327
P001173,P001296,co_purchase,2,0.09523809523809523,True,1.71,1779120724327
P001296,P001173,co_purchase,2,0.09523809523809523,True,1.71,1779120724327
P000112,P001237,co_purchase,2,0.1111111111111111,True,1.69,1779120724327
P001237,P000112,co_purchase,2,0.07999999999999999,True,1.67,1779120724327
P001975,P000306,co_purchase,2,0.0909090909090909,False,1.9,1779120724327
P000306,P001975,co_purchase,2,0.1111111111111111,False,1.91,1779120724327
P000646,P000306,co_purchase,2,0.0909090909090909,True,1.9,1779120724327
P000306,P000646,co_purchase,2,0.1111111111111111,True,1.91,1779120724327
P000870,P001510,co_purchase,2,0.11764705882352941,True,2.46,1779120724327
P001510,P000870,co_purchase,2,0.1111111111111111,True,2.45,1779120724327
P001786,P001384,co_purchase,2,0.08695652173913043,True,1.92,1779120724327
P001384,P001786,co_purchase,2,0.11764705882352941,True,1.94,1779120724327
P001384,P000955,co_purchase,2,0.11764705882352941,True,1.73,1779120724327
P000955,P001384,co_purchase,2,0.07692307692307691,True,1.7,1779120724327
P000263,P000216,co_purchase,2,0.09523809523809523,True,1.71,1779120724327
P000216,P000263,co_purchase,2,0.09523809523809523,True,1.71,1779120724327
P001112,P001258,co_purchase,2,0.07407407407407407,True,1.17,1779120724327
P001258,P001112,co_purchase,2,0.08333333333333333,True,1.18,1779120724327
P000231,P001865,co_purchase,2,0.07999999999999999,True,1.58,1779120724327
P001865,P000231,co_purchase,2,0.10526315789473684,True,1.6,1779120724327
P000330,P001047,co_purchase,2,0.09523809523809523,False,2.54,1779120724327
P001047,P000330,co_purchase,2,0.14285714285714285,False,2.57,1779120724327
P000560,P001485,co_purchase,2,0.0909090909090909,True,1.8,1779120724327
P001485,P000560,co_purchase,2,0.10526315789473684,True,1.81,1779120724327
P000730,P000023,co_purchase,2,0.13333333333333333,True,4.49,1779120724327
P000023,P000730,co_purchase,2,0.1818181818181818,True,4.53,1779120724327
P001100,P001276,co_purchase,2,0.1111111111111111,True,1.91,1779120724327
P001276,P001100,co_purchase,2,0.0909090909090909,True,1.9,1779120724327
P000244,P000570,co_purchase,2,0.07999999999999999,True,1.38,1779120724327
P000570,P000244,co_purchase,2,0.0909090909090909,True,1.38,1779120724327
P001631,P001609,co_purchase,2,0.125,True,2.61,1779120724327
P001609,P001631,co_purchase,2,0.1111111111111111,True,2.6,1779120724327
P000021,P000103,co_purchase,2,0.08695652173913043,True,1.72,1779120724327
P000103,P000021,co_purchase,2,0.10526315789473684,True,1.74,1779120724327
P001903,P001154,co_purchase,2,0.09999999999999999,False,1.98,1779120724327
P001154,P001903,co_purchase,2,0.10526315789473684,False,1.98,1779120724327
P001579,P001036,co_purchase,2,0.0909090909090909,True,1.5,1779120724327
P001036,P001579,co_purchase,2,0.08695652173913043,True,1.5,1779120724327
P001828,P001854,co_purchase,2,0.11764705882352941,True,3.97,1779120724327
P001854,P001828,co_purchase,2,0.1818181818181818,True,4.01,1779120724327
P001717,P001669,co_purchase,2,0.125,True,2.48,1779120724327
P001669,P001717,co_purchase,2,0.10526315789473684,True,2.46,1779120724327
P000525,P000126,co_purchase,2,0.09523809523809523,True,1.99,1779120724327
P000126,P000525,co_purchase,2,0.1111111111111111,True,2.0,1779120724327
P001614,P000599,co_purchase,2,0.07692307692307691,True,1.32,1779120724327
P000599,P001614,co_purchase,2,0.0909090909090909,True,1.33,1779120724327
P000777,P001049,co_purchase,2,0.07692307692307691,True,1.8,1779120724327
P001049,P000777,co_purchase,2,0.125,True,1.83,1779120724327
P001426,P000700,co_purchase,2,0.1111111111111111,True,2.32,1779120724327
P000700,P001426,co_purchase,2,0.1111111111111111,True,2.32,1779120724327
P000593,P000623,co_purchase,2,0.09523809523809523,False,2.1,1779120724327
P000623,P000593,co_purchase,2,0.11764705882352941,False,2.12,1779120724327
P000567,P000030,co_purchase,2,0.1111111111111111,True,2.96,1779120724327
P000030,P000567,co_purchase,2,0.14285714285714285,True,2.98,1779120724327
P001842,P000714,co_purchase,2,0.0909090909090909,True,1.9,1779120724327
P000714,P001842,co_purchase,2,0.1111111111111111,True,1.91,1779120724327
P001230,P001214,co_purchase,3,0.12,False,2.99,1779120724327
P001214,P001230,co_purchase,3,0.20000000000000004,False,3.04,1779120724327
P001760,P001112,co_purchase,2,0.07142857142857142,True,1.01,1779120724327
P001112,P001760,co_purchase,2,0.07407407407407407,True,1.01,1779120724327
P001718,P000479,co_purchase,2,0.13333333333333333,True,1.89,1779120724327
P000479,P001718,co_purchase,2,0.07407407407407407,True,1.85,1779120724327
P000706,P000507,co_purchase,2,0.09999999999999999,False,1.65,1779120724327
P000507,P000706,co_purchase,2,0.08695652173913043,False,1.64,1779120724327
P001460,P000725,co_purchase,2,0.0909090909090909,True,2.81,1779120724327
P000725,P001460,co_purchase,2,0.16666666666666666,True,2.87,1779120724327
P000289,P000108,co_purchase,2,0.09523809523809523,True,2.37,1779120724327
P000108,P000289,co_purchase,2,0.13333333333333333,True,2.4,1779120724327
P000950,P001806,co_purchase,2,0.09523809523809523,True,1.57,1779120724327
P001806,P000950,co_purchase,2,0.08695652173913043,True,1.56,1779120724327
P001450,P000294,co_purchase,2,0.13333333333333333,True,2.64,1779120724327
P000294,P001450,co_purchase,2,0.10526315789473684,True,2.62,1779120724327
P000733,P001266,co_purchase,2,0.10526315789473684,True,1.74,1779120724327
P001266,P000733,co_purchase,2,0.08695652173913043,True,1.72,1779120724327
P001376,P001743,co_purchase,2,0.15384615384615383,True,4.4,1779120724327
P001743,P001376,co_purchase,2,0.15384615384615383,True,4.4,1779120724327
P000007,P001437,co_purchase,2,0.06451612903225806,True,1.72,1779120724327
P001437,P000007,co_purchase,2,0.14285714285714285,True,1.77,1779120724327
P000452,P001595,co_purchase,2,0.15384615384615383,True,3.21,1779120724327
P001595,P000452,co_purchase,2,0.1111111111111111,True,3.18,1779120724327
P001617,P001552,co_purchase,2,0.08333333333333333,False,1.57,1779120724327
P001552,P001617,co_purchase,2,0.09999999999999999,False,1.58,1779120724327
P001552,P000575,co_purchase,2,0.09999999999999999,False,1.98,1779120724327
P000575,P001552,co_purchase,2,0.10526315789473684,False,1.98,1779120724327
P000600,P001272,co_purchase,2,0.11764705882352941,False,3.13,1779120724327
P001272,P000600,co_purchase,2,0.14285714285714285,False,3.15,1779120724327
P000932,P000681,co_purchase,2,0.08333333333333333,True,1.95,1779120724327
P000681,P000932,co_purchase,2,0.125,True,1.98,1779120724327
P000269,P000655,co_purchase,2,0.09999999999999999,True,1.65,1779120724327
P000655,P000269,co_purchase,2,0.08695652173913043,True,1.64,1779120724327
P000343,P000125,co_purchase,2,0.0909090909090909,True,1.8,1779120724327
P000125,P000343,co_purchase,2,0.10526315789473684,True,1.81,1779120724327
P000125,P001468,co_purchase,2,0.10526315789473684,True,1.89,1779120724327
P001468,P000125,co_purchase,2,0.09523809523809523,True,1.89,1779120724327
P001803,P001822,co_purchase,2,0.09999999999999999,True,1.8,1779120724327
P001822,P001803,co_purchase,2,0.09523809523809523,True,1.8,1779120724327
P000423,P001380,co_purchase,2,0.14285714285714285,True,3.15,1779120724327
P001380,P000423,co_purchase,2,0.11764705882352941,True,3.13,1779120724327
P000523,P001578,co_purchase,2,0.1818181818181818,True,2.67,1779120724327
P001578,P000523,co_purchase,2,0.07692307692307691,True,2.59,1779120724327
P000033,P000120,co_purchase,2,0.13333333333333333,True,2.78,1779120724327
P000120,P000033,co_purchase,2,0.1111111111111111,True,2.77,1779120724327
P000654,P001053,co_purchase,2,0.10526315789473684,True,2.46,1779120724327
P001053,P000654,co_purchase,2,0.125,True,2.48,1779120724327
P001883,P001364,co_purchase,2,0.06666666666666667,True,1.1,1779120724327
P001364,P001883,co_purchase,2,0.08695652173913043,True,1.11,1779120724327
P001775,P001059,co_purchase,2,0.14285714285714285,True,4.42,1779120724327
P001059,P001775,co_purchase,2,0.16666666666666666,True,4.44,1779120724327
P000798,P001665,co_purchase,2,0.09999999999999999,True,1.8,1779120724327
P001665,P000798,co_purchase,2,0.09523809523809523,True,1.8,1779120724327
P000798,P001654,co_purchase,2,0.09999999999999999,True,1.28,1779120724327
P001654,P000798,co_purchase,2,0.06666666666666667,True,1.26,1779120724327
P001235,P000061,co_purchase,2,0.09999999999999999,True,1.89,1779120724327
P000061,P001235,co_purchase,2,0.09999999999999999,True,1.89,1779120724327
P000566,P001330,co_purchase,2,0.13333333333333333,True,2.11,1779120724327
P001330,P000566,co_purchase,2,0.08333333333333333,True,2.08,1779120724327
P001063,P000005,co_purchase,2,0.09523809523809523,True,1.8,1779120724327
P000005,P001063,co_purchase,2,0.09999999999999999,True,1.8,1779120724327
P000593,P000093,co_purchase,2,0.09523809523809523,True,3.52,1779120724327
P000093,P000593,co_purchase,2,0.19999999999999998,True,3.6,1779120724327
P001796,P001422,co_purchase,2,0.07692307692307691,True,1.7,1779120724327
P001422,P001796,co_purchase,2,0.11764705882352941,True,1.73,1779120724327
P000011,P000509,co_purchase,2,0.0909090909090909,True,1.33,1779120724327
P000509,P000011,co_purchase,2,0.07692307692307691,True,1.32,1779120724327
P001531,P000574,co_purchase,2,0.13333333333333333,True,2.78,1779120724327
P000574,P001531,co_purchase,2,0.1111111111111111,True,2.77,1779120724327
P000886,P001029,co_purchase,2,0.125,True,2.15,1779120724327
P001029,P000886,co_purchase,2,0.0909090909090909,True,2.13,1779120724327
P000886,P000801,co_purchase,2,0.125,True,2.48,1779120724327
P000801,P000886,co_purchase,2,0.10526315789473684,True,2.46,1779120724327
P000295,P001250,co_purchase,2,0.15384615384615383,True,2.44,1779120724327
P001250,P000295,co_purchase,2,0.08333333333333333,True,2.39,1779120724327
P001978,P001088,co_purchase,2,0.15384615384615383,True,2.65,1779120724327
P001088,P001978,co_purchase,2,0.0909090909090909,True,2.6,1779120724327
P000111,P000576,co_purchase,2,0.07999999999999999,True,1.67,1779120724327
P000576,P000111,co_purchase,2,0.1111111111111111,True,1.69,1779120724327
P000791,P001654,co_purchase,2,0.125,True,1.6,1779120724327
P001654,P000791,co_purchase,2,0.06666666666666667,True,1.56,1779120724327
P000791,P000046,co_purchase,2,0.125,True,2.06,1779120724327
P000046,P000791,co_purchase,2,0.08695652173913043,True,2.03,1779120724327
P001533,P001112,co_purchase,2,0.11764705882352941,True,1.66,1779120724327
P001112,P001533,co_purchase,2,0.07407407407407407,True,1.63,1779120724327
P001533,P000180,co_purchase,2,0.11764705882352941,True,1.86,1779120724327
P000180,P001533,co_purchase,2,0.08333333333333333,True,1.84,1779120724327
P000434,P000532,co_purchase,2,0.08333333333333333,True,3.08,1779120724327
P000532,P000434,co_purchase,2,0.19999999999999998,True,3.17,1779120724327
P000769,P001196,co_purchase,2,0.1818181818181818,True,4.01,1779120724327
P001196,P000769,co_purchase,2,0.11764705882352941,True,3.97,1779120724327
P000205,P001438,co_purchase,2,0.125,True,2.76,1779120724327
P001438,P000205,co_purchase,2,0.11764705882352941,True,2.75,1779120724327
P000205,P000467,co_purchase,2,0.125,True,2.61,1779120724327
P000467,P000205,co_purchase,2,0.1111111111111111,True,2.6,1779120724327
P000795,P000979,co_purchase,2,0.09523809523809523,True,1.99,1779120724327
P000979,P000795,co_purchase,2,0.1111111111111111,True,2.0,1779120724327
P001077,P000237,co_purchase,2,0.10526315789473684,True,1.81,1779120724327
P000237,P001077,co_purchase,2,0.0909090909090909,True,1.8,1779120724327
P001803,P000221,co_purchase,2,0.09999999999999999,True,3.1,1779120724327
P000221,P001803,co_purchase,2,0.16666666666666666,True,3.14,1779120724327
P000165,P000365,co_purchase,2,0.125,True,3.58,1779120724327
P000365,P000165,co_purchase,2,0.15384615384615383,True,3.6,1779120724327
P001522,P000330,co_purchase,2,0.10526315789473684,True,1.89,1779120724327
P000330,P001522,co_purchase,2,0.09523809523809523,True,1.89,1779120724327
P001719,P001282,co_purchase,2,0.09523809523809523,True,2.37,1779120724327
P001282,P001719,co_purchase,2,0.13333333333333333,True,2.4,1779120724327
P001963,P000317,co_purchase,2,0.09999999999999999,True,2.66,1779120724327
P000317,P001963,co_purchase,2,0.14285714285714285,True,2.69,1779120724327
P001680,P000559,co_purchase,2,0.10526315789473684,True,2.2,1779120724327
P000559,P001680,co_purchase,2,0.1111111111111111,True,2.2,1779120724327
P000067,P001156,co_purchase,2,0.15384615384615383,False,2.44,1779120724327
P001156,P000067,co_purchase,2,0.08333333333333333,False,2.39,1779120724327
P000858,P000812,co_purchase,2,0.1111111111111111,True,2.32,1779120724327
P000812,P000858,co_purchase,2,0.1111111111111111,True,2.32,1779120724327
P000923,P001160,co_purchase,2,0.10526315789473684,True,2.62,1779120724327
P001160,P000923,co_purchase,2,0.13333333333333333,True,2.64,1779120724327
P001856,P001187,co_purchase,2,0.1111111111111111,True,1.83,1779120724327
P001187,P001856,co_purchase,2,0.08695652173913043,True,1.82,1779120724327
P001328,P001598,co_purchase,2,0.11764705882352941,True,2.93,1779120724327
P001598,P001328,co_purchase,2,0.13333333333333333,True,2.94,1779120724327
P001105,P000263,co_purchase,2,0.09523809523809523,True,1.71,1779120724327
P000263,P001105,co_purchase,2,0.09523809523809523,True,1.71,1779120724327
P000438,P000159,co_purchase,2,0.08333333333333333,True,2.08,1779120724327
P000159,P000438,co_purchase,2,0.13333333333333333,True,2.11,1779120724327
P000372,P000159,co_purchase,2,0.1111111111111111,True,2.77,1779120724327
P000159,P000372,co_purchase,2,0.13333333333333333,True,2.78,1779120724327
P001883,P001085,co_purchase,2,0.06666666666666667,True,1.32,1779120724327
P001085,P001883,co_purchase,2,0.10526315789473684,True,1.35,1779120724327
P001387,P000197,co_purchase,2,0.07692307692307691,True,1.52,1779120724327
P000197,P001387,co_purchase,2,0.10526315789473684,True,1.54,1779120724327
P000990,P000197,co_purchase,2,0.10526315789473684,True,2.09,1779120724327
P000197,P000990,co_purchase,2,0.10526315789473684,True,2.09,1779120724327
P001067,P001421,co_purchase,2,0.125,True,2.36,1779120724327
P001421,P001067,co_purchase,2,0.09999999999999999,True,2.34,1779120724327
P001350,P000831,co_purchase,2,0.09999999999999999,True,1.8,1779120724327
P000831,P001350,co_purchase,2,0.09523809523809523,True,1.8,1779120724327
P001350,P000297,co_purchase,2,0.09999999999999999,True,2.34,1779120724327
P000297,P001350,co_purchase,2,0.125,True,2.36,1779120724327
P000249,P000297,co_purchase,2,0.10526315789473684,True,2.46,1779120724327
P000297,P000249,co_purchase,2,0.125,True,2.48,1779120724327
P001462,P000297,co_purchase,2,0.09523809523809523,True,2.23,1779120724327
P000297,P001462,co_purchase,2,0.125,True,2.25,1779120724327
P000389,P000775,co_purchase,2,0.125,True,2.25,1779120724327
P000775,P000389,co_purchase,2,0.09523809523809523,True,2.23,1779120724327
P000389,P000348,co_purchase,2,0.125,True,2.15,1779120724327
P000348,P000389,co_purchase,2,0.0909090909090909,True,2.13,1779120724327
P000244,P001162,co_purchase,2,0.07999999999999999,False,1.99,1779120724327
P001162,P000244,co_purchase,2,0.13333333333333333,False,2.03,1779120724327
P001701,P000726,co_purchase,2,0.10526315789473684,True,1.98,1779120724327
P000726,P001701,co_purchase,2,0.09999999999999999,True,1.98,1779120724327
P001534,P001600,co_purchase,2,0.13333333333333333,True,3.12,1779120724327
P001600,P001534,co_purchase,2,0.125,True,3.11,1779120724327
P001494,P001608,co_purchase,2,0.13333333333333333,False,2.29,1779120724327
P001608,P001494,co_purchase,2,0.0909090909090909,False,2.26,1779120724327
P001771,P000201,co_purchase,2,0.10526315789473684,True,2.32,1779120724327
P000201,P001771,co_purchase,2,0.11764705882352941,True,2.33,1779120724327
P001689,P000836,co_purchase,2,0.13333333333333333,True,2.64,1779120724327
P000836,P001689,co_purchase,2,0.10526315789473684,True,2.62,1779120724327
P001451,P000606,co_purchase,2,0.10526315789473684,True,2.46,1779120724327
P000606,P001451,co_purchase,2,0.125,True,2.48,1779120724327
P000802,P000655,co_purchase,2,0.125,True,2.06,1779120724327
P000655,P000802,co_purchase,2,0.08695652173913043,True,2.03,1779120724327
P000283,P001817,co_purchase,2,0.14285714285714285,False,2.57,1779120724327
P001817,P000283,co_purchase,2,0.09523809523809523,False,2.54,1779120724327
P000708,P001406,co_purchase,2,0.125,True,2.25,1779120724327
P001406,P000708,co_purchase,2,0.09523809523809523,True,2.23,1779120724327
P001337,P001488,co_purchase,2,0.13333333333333333,True,1.96,1779120724327
P001488,P001337,co_purchase,2,0.07692307692307691,True,1.92,1779120724327
P000652,P000774,co_purchase,2,0.1111111111111111,False,1.91,1779120724327
P000774,P000652,co_purchase,2,0.0909090909090909,False,1.9,1779120724327
P001945,P000076,co_purchase,2,0.11764705882352941,True,2.75,1779120724327
P000076,P001945,co_purchase,2,0.125,True,2.76,1779120724327
P001878,P000179,co_purchase,2,0.15384615384615383,False,2.9,1779120724327
P000179,P001878,co_purchase,2,0.09999999999999999,False,2.86,1779120724327
P001802,P000815,co_purchase,2,0.1111111111111111,True,2.45,1779120724327
P000815,P001802,co_purchase,2,0.11764705882352941,True,2.46,1779120724327
P000815,P000179,co_purchase,2,0.11764705882352941,False,2.22,1779120724327
P000179,P000815,co_purchase,2,0.09999999999999999,False,2.21,1779120724327
P000136,P001928,co_purchase,2,0.11764705882352941,True,2.12,1779120724327
P001928,P000136,co_purchase,2,0.09523809523809523,True,2.1,1779120724327
P000644,P001187,co_purchase,2,0.125,True,2.06,1779120724327
P001187,P000644,co_purchase,2,0.08695652173913043,True,2.03,1779120724327
P001224,P001036,co_purchase,2,0.1111111111111111,True,1.83,1779120724327
P001036,P001224,co_purchase,2,0.08695652173913043,True,1.82,1779120724327
P000372,P000756,co_purchase,2,0.1111111111111111,True,2.0,1779120724327
P000756,P000372,co_purchase,2,0.09523809523809523,True,1.99,1779120724327
P001433,P001200,co_purchase,2,0.13333333333333333,True,2.51,1779120724327
P001200,P001433,co_purchase,2,0.09999999999999999,True,2.49,1779120724327
P000280,P000114,co_purchase,2,0.125,True,3.11,1779120724327
P000114,P000280,co_purchase,2,0.13333333333333333,True,3.12,1779120724327
P001101,P000555,co_purchase,2,0.11764705882352941,True,1.94,1779120724327
P000555,P001101,co_purchase,2,0.08695652173913043,True,1.92,1779120724327
P001579,P000119,co_purchase,2,0.0909090909090909,True,2.26,1779120724327
P000119,P001579,co_purchase,2,0.13333333333333333,True,2.29,1779120724327
P001773,P000119,co_purchase,2,0.07407407407407407,True,1.85,1779120724327
P000119,P001773,co_purchase,2,0.13333333333333333,True,1.89,1779120724327
P001312,P000091,co_purchase,2,0.19999999999999998,True,3.44,1779120724327
P000091,P001312,co_purchase,2,0.0909090909090909,True,3.36,1779120724327
P000712,P000698,co_purchase,2,0.15384615384615383,True,2.9,1779120724327
P000698,P000712,co_purchase,2,0.09999999999999999,True,2.86,1779120724327
P000791,P000712,co_purchase,2,0.125,True,3.58,1779120724327
P000712,P000791,co_purchase,2,0.15384615384615383,True,3.6,1779120724327
P001841,P000511,co_purchase,2,0.07692307692307691,True,2.85,1779120724327
P000511,P001841,co_purchase,2,0.19999999999999998,True,2.93,1779120724327
